n,pi_hat,abs_error
1000,3.148,0.0064073464102070155
10000,3.1364,0.005192653589793039
100000,3.13692,0.004672653589793185
1000000,3.142496,0.00090334641020684
